Equipo;Fecha;Bloque;Ciclo;Hi;Hf;DMOV_CARGA_MEDIDA;N_Pinzadas;N_Trozas;Producto;Vol_i;VOL_TOT;TVVSC;TVVSL;TMOVCARGA;TPINZADA;TVCL;TVCSC;TDESCARGA;TPARADA;TRETORNO;DVVSC;DVVSL;DMOVCARGA;DPINZADA;DVCL;DVCSC;DDESCARGA;DPARADA;DRETORNO;TAE;Conc_trozas;Estado Verificacion;Comentario;Eficiencia;PEF;DE;DT_GIS;DM_GIS;DE_PL;fcd;pendiente
Ponsse BK;17/9/2019;Tarde;1;15:58:40;16:29:25;;26;71;12 pie;0.180782228;12.83553822;64.5742917;16.1923959;197.4289375;467.2491249;149.6621043;0;421.7266458;528.6464999;;73.14868613;14.34460455;155.3448881;45.10172379;111.2400683;0;55.42523776;81.73533809;;1316.8335;;;;0.713545257;35.09018991;254.7115676;319;159.5;50;3.19;32.05932882
Ponsse BK;17/9/2019;Tarde;2;16:29:28;17:01:58;;15;48;12 pie;0.180782228;8.677546967;0;50.3772917;128.1231873;269.2572085;100.2597501;0;251.6912916;1126.599729;;0;56.5416275;93.48520285;32.45581567;95.95177307;0;36.25447711;274.9070263;;799.7087292;;;;0.41515092;39.06318381;169.7319031;292;146;50;2.92;27.19464561
Ponsse BK;17/9/2019;Tarde;3;16:42:46;17:16:28;;20;27;16 pie;0.384350678;10.3774683;0;28.7327083;312.3031666;307.0567293;53.1799791;0;195.6334584;0;;0;30;274.0869147;16.30433877;40.5403543;0;22.42398512;8.663787543;;896.9060417;;;;1;41.65306524;309.3570919;282;141;50;2.82;30.69061107
Ponsse BK;17/9/2019;Tarde;4;17:16:31;17:38:34;;27;34;16 pie;0.384350678;13.06792304;0;102.2729791;517.5565413;384.3340004;52.0822709;53.3209375;216.3582291;0;;0;90.27722416;419.558607;31.40864234;42.39904146;25.37875951;21.59045965;0;;1325.924958;;;;1;35.48053202;498.5861195;421;210.5;50;4.21;31.04224193
Ponsse BK;17/9/2019;Tarde;5;17:38:37;17:53:43;;5;7;16 pie;0.384350678;2.690454744;88.8472083;52.3607917;47.9227706;72.1657085;45.2915834;0;49.1593542;553.8436042;;61.48849058;65.38063017;36.14648535;8.202990502;51.54001708;0;5.259225843;54.93253857;;355.7474167;;;;0.391107001;27.22616278;125.3510543;189;94.5;50;1.89;30.51770657
Ponsse BK;17/9/2019;Tarde;6;17:44:31;18:22:46;;21;23;16 pie;0.384350678;8.840065586;303.2631666;12.8948126;350;322.058229;0;64.5042708;191.4210209;80.8986876;;423.774501;10.46226123;540.6652477;20.72681873;0;48.38667779;31.92580941;87.84447206;;1244.1415;;;;0.938946238;25.57927383;781.9769677;1000;500;75;6.666666667;34.38392393
Ponsse BK;17/9/2019;Tarde;7;18:22:49;18:59:55;;20;75;12 pie;0.180782228;13.55866714;38.4357917;78.4584375;253.4444167;355.8875624;64.9846042;39.6174792;269.83075;1017.225354;;24.80489994;98.68695021;277.734521;37.41369289;57.60661648;23.68447263;62.24910242;255.7480618;;1100.659042;;;;0.519697413;44.34725;380.1259906;412;206;75;2.746666667;39.59889507
Ponsse BK;17/9/2019;Tarde;8;18:59:58;19:14:07;;21;66;12 pie;0.180782228;11.93162708;25.1534167;0;317.1871044;381.347104;62.4381668;30.5418332;230.76;35.1860833;;11.39966707;0;242.5348472;60.56831753;70.05290062;26.2728475;0;17.43023581;;1047.427625;;;;0.967498949;41.00890263;296.3975548;303;151.5;75;2.02;35.63288887
Ponsse BK;17/9/2019;Tarde;9;19:14:10;19:35:58;;23;72;12 pie;0.180782228;13.01632045;243.1699375;9.2567084;261.3239579;453.3971671;45.76325;47.2473958;250.2596042;0;;300;7.252798818;202.1347552;55.20721051;18.98037274;47.50902485;36.32656005;0;;1310.418021;;;;1;35.75863036;389.0058534;188;94;75;1.253333333;37.54977841
Ponsse BK;18/9/2019;Manana;1;11:31:51;11:55:25;;35;111;pulpable;0.084774822;9.410005237;0;268.351625;382.3905415;507.3848544;54.2226666;0;195.541625;0;;0;340.4661851;331.5352081;47.12934942;70.04452809;0;29.32404609;0;;1407.891312;;;;1;24.06152986;536.7905646;725;362.5;111.7;3.24529991;35.18882092
Ponsse BK;18/9/2019;Manana;2;11:55:28;12:20:22;;37;124;pulpable;0.084774822;10.51207792;307.8848125;0;379.1571867;577.1553133;0;56.3120625;180.2134792;0;;472.7924536;0;325.3918085;68.82309599;0;57.3888346;28.70739489;0;;1500.722854;;;;1;25.21683495;590.4824526;780;390;111.7;3.491495076;33.94455568
Ponsse BK;18/9/2019;Manana;3;12:20:25;12:47:31;;30;132;pulpable;0.084774822;11.1902765;53.1775833;22.3888958;559.0691873;625.9968336;0;167.957875;200.7962709;0;;59.29265906;18.54691924;462.6422453;90.12030609;0;207.6466951;25.90425121;0;;1629.386646;;;;1;24.72402453;605.385382;693;346.5;111.7;3.102059087;33.64304335
Ponsse BK;18/9/2019;Manana;4;12:47:34;13:40:10;;31;134;pulpable;0.084774822;11.35982614;138.1356667;25.2767084;674.332271;579.922708;36.3032292;127.2836042;229.7253124;1345.008396;;255.8241455;9.148746803;501.1921253;73.55257441;37.90386382;162.9111723;37.40539466;154.3569354;;1810.9795;;;;0.573823335;22.58190891;734.0860894;884;442;111.7;3.957027753;35.37136756
Ponsse BK;18/9/2019;Manana;5;13:40:13;14:19:21;;32;135;pulpable;0.084774822;11.44460096;143.3310208;40.1866458;523.9666039;567.6952503;69.1660833;261.89675;254.1182292;495.8677709;;168.1358469;43.0003809;319.9044552;54.20253815;56.07414855;266.6163907;32.20618569;69.33948668;;1860.360583;;;;0.789550206;22.1465472;586.8178387;754;377;111.7;3.375111907;34.42675281
Ponsse BK;18/9/2019;Manana;6;14:19:21;15:40:56;;33;124;pulpable;0.084774822;10.51207792;328.952375;0;494.1081462;572.5487705;0;241.5190624;245.1590625;3012.921313;;263.9651097;0;403.3320176;53.01110257;0;252.4945945;31.77536882;363.9402043;;1882.287417;;;;0.384516273;20.10504888;661.5618697;849;424.5;111.7;3.800358102;32.28029185
Ponsse BK;18/9/2019;Manana;7;15:40:58;15:54:04;;13;39;pulpable;0.084774822;3.306218056;165.1082501;39.1583958;101.5289376;207.9619374;52.54025;149.7913333;71.851;0;;226.9413615;0;86.47859439;27.63974167;77.32563671;192.0113787;14.28888813;0;;787.9401042;;;;1;15.10569768;334.6177829;562;281;111.7;2.515666965;33.43690914
Ponsse BK;18/9/2019;Manana;8;15:54:07;16:12:38;;11;19;16 pie;0.384350678;7.302662875;113.2021458;0;122.4685001;176.0440832;23.797625;0;81.7464375;596.1199584;;409.9272274;0;142.3451955;9.225081685;23.17174816;0;54.38547975;55.38641225;;517.2587916;;;;0.464584753;50.82482266;358.8946833;524;262;66.8;3.922155689;33.73763044
Ponsse BK;18/9/2019;Manana;9;16:12:40;16:32:43;;17;26;16 pie;0.384350678;9.993117619;0;133.4297917;163.2333332;243.7015835;0;0;169.7369167;361.8343333;;0;146.3662145;170.7812198;28.70753612;0;0;156.3049057;102.5883837;;710.1016251;;;;0.662447807;50.66207731;243.964327;413;206.5;66.8;3.091317365;41.79451213
Ponsse BK;18/9/2019;Manana;10;16:32:46;16:47:25;;17;25;16 pie;0.384350678;9.608766941;222.3745416;13.7006042;210.1782079;261.6446254;112.0517291;0;126.9400416;68.6919584;;126.6954266;10.44300251;178.2631831;29.52818663;130.0821907;0;24.95535319;8.857712806;;946.8897498;;;;0.932361958;36.53177257;311.873493;396;198;66.8;2.964071856;35.36017877
Ponsse BK;18/9/2019;Manana;11;16:47:25;16:56:08;;11;17;16 pie;0.384350678;6.53396152;0;108.2970001;109.1747289;191.9383544;32.0062084;0;80.8998541;0;;0;114.7050589;101.1655985;34.8284331;29.46933337;0;13.68609599;0;;522.3161459;;;;1;45.03452872;173.2527947;222;111;66.8;1.661676647;39.19069833
Ponsse BK;18/9/2019;Manana;12;16:56:10;17:09:43;;14;23;16 pie;0.384350678;8.840065586;36.4588334;65.6078333;129.7722082;204.3426877;75.8412291;0;149.8966458;146.28125;;39.67651592;83.54207665;195.5266815;19.04062389;0;0;33.14244244;39.71380341;;661.9194375;;;;0.819003804;48.07871518;257.1359778;280;140;66.8;2.095808383;48.45492963
Ponsse BK;18/9/2019;Manana;13;17:09:44;18:19:43;;23;79;12 pie;0.180782228;14.28179605;35.9253542;49.0498125;370.1785416;492.8786042;57.4862917;0;300.7002916;2818.428042;;51.68769534;1.745640091;337.6307803;39.58645138;57.62049894;0;7.124316562;2689.880896;;1306.218896;;;;0.316686232;39.36129384;393.1576975;2712;1356;66.8;;37.29412468
Ponsse BK;19/9/2019;manana;1;07:54:39;08:16:28;;25;68;12 pie;0.180782228;12.29319154;24.6803333;10.5663334;387.2155418;401.9863539;39.0739792;0;224.2357709;216.7674792;;23.55757718;11.64390745;345.5726958;29.30469698;25.89782451;0;37.14771316;271.4684573;;1087.758313;;;;0.833834271;40.68503915;376.1223504;809;404.5;111.7;3.621307073;35.16513304
Ponsse BK;19/9/2019;manana;2;08:16:30;08:51:37;;22;26;16 pie;0.384350678;9.993117619;54.7686042;145.3075625;216.9961042;294.6820623;0;31.687875;235.1712292;1102.871271;;69.50775546;169.951091;198.5947296;33.2152876;0;22.11325922;64.45164835;234.9161071;;978.6134374;;;;0.470151634;36.76142392;329.3807825;692;346;111.7;3.097582811;34.67282667
Ponsse BK;19/9/2019;manana;3;08:51:40;09:13:59;;15;31;12 pie;0.180782228;5.604249083;145.7924167;9.5215416;120.4693337;221.530833;100.8661667;0;169.8820207;605.7128959;;154.8156053;10.91295542;112.454489;27.60744721;103.5136932;0;57.03381391;87.21807781;;768.0623124;;;;0.559088785;26.26778631;247.0756159;347;173.5;111.7;1.553267681;28.8826813
Ponsse BK;19/9/2019;manana;4;09:14:01;09:23:34;;12;42;12 pie;0.180782228;7.592853596;0;21.4868543;136.6513334;203.5494166;80.1867499;15.0298335;118.7522707;0;;0;23.40132123;101.0555751;21.23822454;84.19207154;25.69889677;17.91865799;0;;575.6564584;;;;1;47.48365548;167.7017198;253;126.5;111.7;1.132497762;31.50042444
Ponsse BK;19/9/2019;manana;5;09:23:34;09:41:00;;23;81;12 pie;0.180782228;14.64336051;0;34.9616459;266.5974381;436.9763952;25.2208958;32.0713542;250.3816458;0;;0;31.79991276;192.0675678;62.58003455;16.34700459;30.80711089;44.58392516;0;;1046.209375;;;;1;50.38771309;231.544582;260;130;111.7;1.163831692;39.32440197
Ponsse BK;19/9/2019;manana;6;09:41:01;09:49:15;;10;27;12 pie;0.180782228;4.881120169;0;38.1504376;150.3192498;185.3978543;21.4577083;0;99.1758125;0;;0;43.52378089;150.9747233;23.08989359;17.47134511;0;24.00904041;0;;494.5010625;;;;1;35.53487331;181.4722863;202;101;111.7;0.904207699;41.12924887
Ponsse BK;19/9/2019;manana;7;09:49:16;09:52:37;;3;16;12 pie;0.180782228;2.892515656;10.4602918;0;33.8285418;66.9339373;26.2605208;0;62.0336667;0;;11.95647444;0;21.1857494;6.05812251;25.66832973;0;16.19976931;0;;199.5169584;;;;1;52.19133473;39.99815148;50;25;111.7;0.223813787;37.26762107
Ponsse BK;19/9/2019;manana;8;09:52:40;10:52:15;;19;27;16 pie;0.384350678;10.3774683;15.8601251;10.7953125;110.3288538;240.0358962;77.1103959;18.0458958;165.5027707;2942.743146;;12.71255867;19.01518756;141.1020814;24.56631431;117.4344276;25.20545197;35.3679202;1940.281758;;637.67925;;;;0.178101682;58.58570099;228.2858943;761;380.5;111.7;3.406445837;33.00736801
Ponsse BK;19/9/2019;manana;9;10:52:16;11:19:13;;26;36;16 pie;0.384350678;13.8366244;0;91.2797083;270.053979;340.5547501;0;493.7104793;313.6724999;109.399521;;0;139.5708164;248.5561351;43.3617127;0;122.5227693;30.01862792;830.7515663;;1509.271417;;;;0.932413983;33.00390326;379.602928;196;98;111.7;0.877350045;32.65593055
Ponsse BK;26/9/2019;Manana;1;08:58:25;09:25:15;;24;26;8 pie;0.160545999;4.174195984;0;77.6710416;649.5873959;301.074375;109.8931251;0;109.8931251;262.4048957;;0;60.51184169;679.6831088;49.58306997;148.4274105;0;45.21280748;39.35927545;;1248.119063;;;;0.826282202;12.03980132;784.1527349;330;165;104;1.586538462;32.28506189
Ponsse BK;26/9/2019;Manana;2;09:25:15;10:24:30;;21;63;12 pie;0.180782228;11.38928039;0;124.51175;499.0581876;384.7442291;111.9625416;0;111.9625416;2101.124417;;0;177.2119898;428.8580666;83.61700446;159.7611847;0;76.01444023;1214.460234;;1232.23925;;;;0.369668411;33.27390312;597.3446538;754;377;104;3.625;38.49882873
Ponsse BK;26/9/2019;Manana;3;10:24:31;10:48:09;;20;72;12 pie;0.180782228;13.01632045;116.7678333;11;273.704167;442.047083;0;415.8872641;0;10.201361;;175.7432623;18.37629117;158.1366154;145.9396165;0;300.4807045;64.04583888;4.154703424;;1259.406347;;;;0.99196495;37.20701719;405.4367444;1387;693.5;104;6.668269231;37.19421795
Ponsse BK;26/9/2019;Manana;4;10:48:10;11:09:21;;24;76;12 pie;0.180782228;13.73944936;140.0590626;38.5654165;270.8643125;375.9218543;17.1594374;117.1745834;17.1594374;116.7443125;;196.4442739;50.3700522;213.4584181;46.63903447;22.3199046;155.2653554;42.32384485;24.86450091;;976.9041041;;;;0.893252429;50.63139514;425.6582112;450;225;104;2.163461538;38.22367109
Ponsse BK;26/9/2019;Manana;5;11:09:24;11:47:48;;26;75;12 pie;0.180782228;13.55866714;121.2433542;23.0392082;263.4938122;392.5632504;0;34.6895833;0;1001.446104;;175.6661702;22.0492688;248.1153233;62.36498808;0;94.27671758;176.5795498;149.8759772;;835.0292083;;;;0.454691224;58.45448423;394.1114016;612;306;104;2.942307692;34.64892402
Ponsse BK;26/9/2019;Manana;6;11:47:48;12:05:31;;22;113;pulpable;0.084774822;9.579554881;0;0;335.388521;865.2285831;21.5155418;69.6436666;21.5155418;0;;0;0;286.8927717;30.22980351;18.9696935;89.56910305;32.76477556;0;;1313.291854;;;;1;26.25950771;341.16217;658;329;104;3.163461538;37.10971304
Ponsse BK;26/9/2019;Manana;7;12:05:33;12:25:15;;15;91;pulpable;0.084774822;7.714508798;66.7187083;17.9790833;267.4675208;346.6022917;0;288.6821667;0;0;;108.7645757;36.87147697;206.7598846;38.31079848;0;277.2993982;17.81992139;0;;987.4497708;;;;1;28.1252095;418.2276101;371;185.5;81;2.290123457;41.68156974
Ponsse BK;26/9/2019;Manana;8;12:25:15;13:27:12;;24;96;pulpable;0.084774822;8.138382908;37.3329584;0;534.084875;553.4857291;0;127.0180001;0;1965.617771;;3.645049996;0;666.5487384;59.34935839;0;33.22331604;84.98976343;276.8320404;;1251.921563;;;;0.389092854;23.40256718;684.9829214;579;289.5;81;3.574074074;37.74349102
Ponsse BK;26/9/2019;Tarde;1;13:28:10;14:18:14;;27;137;pulpable;0.084774822;11.61415061;151.6605;0;428.2650835;590.8025416;;140.3729375;245.8426042;1.3017083;;230.3872362;0;371.1761044;65.83893811;;198.6047177;43.95935986;65.83893811;;1556.943667;;;;0.999164632;26.85449903;684.9744403;903.1;451.55;;;32.15412815
Ponsse BK;26/9/2019;Tarde;2;14:18:16;14:46:26;;32;134;pulpable;0.084774822;11.35982614;153.8929792;11.6428958;460.150167;578.9613956;;145.6331666;205.1590625;1447.388896;;178.6372186;7.226463516;428.7459548;79.55435614;;211.4460289;22.92825605;79.55435614;;1555.439667;;;;0.517991498;26.2918421;733.1238248;787.08;393.54;;;35.2482674
Ponsse BK;26/9/2019;Tarde;3;14:46:27;15:46:20;;25;67;pulpable;0.084774822;5.679913071;135.9591458;49.2372917;122.7677292;284.6071041;;112.1735209;107.8518959;2898.588271;;187.7298181;64.62672868;258.4728968;35.05473157;;135.9354224;13.24930895;35.05473157;;812.5966876;;;;0.218958822;25.16338962;520.5865927;1288.6;644.3;;;31.31097416
Ponsse BK;26/9/2019;Tarde;4;15:46:22;16:03:14;;20;31;16 pie;0.384350678;11.91487101;19.8813958;0;352.0870835;270.2070624;;79.8917917;249.80175;0;;13.36100008;0;313.5852984;38.47730149;;95.57108531;30.09271136;38.47730149;;971.8690834;;;;1;44.13509634;415.8368837;382.1;191.05;;;30.91552209
Ponsse BK;26/9/2019;Tarde;5;16:03:16;16:26:56;;16;23;16 pie;0.384350678;8.840065586;61.6722707;85.1121251;253.3037709;223.5488541;;115.1166666;341.1183126;0;;80.52203092;47.79867186;229.9625757;33.65595175;;118.8069819;54.67064546;33.65595175;;1079.872;;;;1;29.47037807;412.9299091;420.3;210.15;;;27.3532488
Ponsse BK;7/10/2019;Manana;1;10:41:06;11:09:47;;18;19;16 pie;0.384350678;7.302662875;102.7359375;41.8952917;910.8839586;257.4931664;6.5616667;173.3496459;203.8126667;24.3451457;;121.4244478;25.61129988;807.5533861;29.9074076;6.516167378;65.03051801;34.20415375;0;;1696.732334;;;;0.985854707;15.49424493;916.8446026;1025.13;512.565;114.4;4.480463287;33.53654942
Ponsse BK;7/10/2019;Manana;2;11:09:47;11:40:51;;31;43;16 pie;0.384350678;16.52707914;27.6592082;209.0080418;701.9597706;442.0191877;0;0;426.4325834;56.2676458;;32.02391914;239.2009742;645.0059562;41.96221072;0;0;256.4222193;0.629173307;;1807.078792;;;;0.969802907;32.92467665;780.6184029;1129.02;564.51;114.4;4.934527972;31.65563627
Ponsse BK;7/10/2019;Manana;3;11:40:53;12:59:53;;16;24;16 pie;0.384350678;9.224416264;0;207.4285625;316.1264791;297.5126043;93.2084584;23.2023749;129.5963959;254.437854;;0;157.1610091;247.7101746;71.77174498;129.5945642;25.73286581;33.14271567;720.7637987;;1067.074875;;;;0.807464697;31.12049522;403.9543941;681;340.5;114.4;2.976398601;33.6791535
Ponsse BK;7/10/2019;Manana;4;12:59:56;13:25:43;;25;84;12 pie;0.180782228;15.18570719;36.1978751;0;535.3707706;452.1183752;202.2745624;21.2859168;299.1512916;3424.253063;;19.97902988;0;426.766103;75.25803277;180.3152335;20.8380891;54.03767545;0;;1546.398792;;;;0.311105834;35.35216542;537.3322793;718.5;359.25;114.4;3.140297203;29.84201191
Ponsse BK;7/10/2019;Manana;5;13:25:44;13:52:18;;26;74;12 pie;0.180782228;13.37788491;0;155.0957917;405.2050004;442.0990205;85.0213958;18.0079166;258.9190417;230.4763541;;0;158.1716025;415.7723984;49.20666224;106.5465804;11.24835178;43.50224779;28.68416052;;1364.348167;;;;0.855484819;35.29919037;553.7556658;781.4;390.7;114.4;3.41520979;33.39666774
Ponsse BK;7/10/2019;Manana;6;13:52:20;14:14:11;;25;78;12 pie;0.180782228;14.10101382;0;125.0502084;361.1952082;437.3650417;110.768146;22.6126457;256.7599167;0;;0;144.2805768;314.2668358;42.75701249;117.7873339;16.87269672;52.28799508;0;;1313.751167;;;;1;38.64023191;453.7371395;626.5;313.25;114.4;2.738199301;34.60213929
Ponsse BK;7/10/2019;Manana;7;14:14:14;14:22:39;;11;27;12 pie;0.180782228;4.881120169;0;16.9323334;166.1546247;182.0595836;52.6094375;0;89.8105624;0;;0;15.19337262;186.3035847;17.96269288;62.62852551;0;32.15376375;0;;507.5665416;;;;1;34.62015552;225.2145338;283;141.5;114.4;1.236888112;28.90476963
Ponsse BK;7/10/2019;Tarde;1;14:58:40;15:25:59;;22;25;16 pie;0.384350678;9.608766941;;57.5861666;890.2890208;314.8869792;211.7627291;;164.5044167;0;;;34.52781728;842.876154;95.54726143;230.111746;;47.4401009;0;;1639.029312;;;;1;21.10490687;1107.515717;1137.5;568.75;114.4;4.971590909;42.18752132
Ponsse BK;7/10/2019;Tarde;2;15:26:00;15:52:57;;29;132;pulpable;0.084774822;11.1902765;;221.9334792;311.7349377;498.3015414;134.3351874;;261.6157291;188.7390002;;;289.9652491;196.1027411;170.2909017;150.2071021;;41.14820143;31.24655144;;1427.920875;;;;0.883253736;28.21234433;636.2750923;721.7;360.85;114.4;3.154283217;32.84547852
Ponsse BK;7/10/2019;Tarde;3;15:53:00;16:28:23;;41;145;pulpable;0.084774822;12.29234918;;180.0550417;702.7612819;707.6763432;160.4617499;;287.3855625;88.5512708;;;183.7806941;515.6217958;218.7157454;154.3127245;;87.70060302;28.09754503;;2038.339979;;;;0.958365868;21.71004715;853.7152144;881.9;440.95;114.4;3.854458042;39.78189991
Ponsse BK;7/10/2019;Tarde;4;16:28:24;16:46:48;;21;85;pulpable;0.084774822;7.205859867;;76.0971459;246.980667;400.8933538;80.2525417;;136.6950833;0;;;73.47958408;218.6381931;122.4310967;69.10921245;;49.18083741;214.8338421;;940.9187917;;;;1;27.5699622;361.2269896;588.5;294.25;114.4;2.572115385;40.72033636
Ponsse BK;7/10/2019;Tarde;5;16:46:50;17:10:24;;32;160;pulpable;0.084774822;13.56397151;;11.2058751;274.9164375;620.9871458;35.6833333;;273.4867918;363.7990208;;;6.145199405;158.3142419;163.7040158;19.09299393;;50.18999959;36.41845476;;1216.279584;;;;0.76975891;40.14726393;183.5524353;233.8;116.9;114.4;1.021853147;42.17443322
Ponsse BK;9/10/2019;Bloque2;1;09:32:12;10:06:56;;14;23;16 pie;0.384350678;8.840065586;1164.890521;34;13.1701041;114.5376251;26.9304791;80.5945834;196.3378334;413.5961044;;532.7522676;5.101989271;0;71.60929389;34.7918082;34.7918082;58.93598127;452.8195611;;1630.461146;;;;0.797659237;19.51854921;303.7189366;644.8;322.4;;;32.84547852
Ponsse BK;9/10/2019;Bloque2;2;10:06:59;10:44:53;;22;43;16 pie;0.384350678;16.52707914;42.9480416;33.8389792;436.396646;343.1798748;61.42625;142.599;195.1359166;981.5599167;;9.812056004;24.37999555;244.2437667;76.24133005;7.67407278;7.67407278;57.15403544;371.9901522;;1255.524708;;;;0.56123255;47.38854163;269.0138653;378.7;189.35;;;39.78189991
Ponsse BK;9/10/2019;Bloque2;3;10:44:56;11:21:53;;31;124;12 pie;0.180782228;22.41699633;82.5265417;19.1291459;562.556729;751.7665626;10.2607708;58.0670418;448.2383749;329.6108125;;27.89745405;29.07824098;227.5219696;251.6023151;1.894454154;1.894454154;142.2217302;82.41371274;;1932.545167;;;;0.854293508;41.75901717;257.9042713;382.9;191.45;;;40.72033636
Ponsse BK;9/10/2019;Bloque2;4;11:21:54;12:09:29;;17;50;8 pie;0.160545999;8.02729997;0;38.2440208;241.7420416;377.1643335;53.5853958;27.4024375;264.8920417;0;;0;47.62253224;121.0465054;93.61786603;11.05931962;11.05931962;133.5334967;0;;1003.030271;;;;1;28.81097483;155.9170912;298.6;149.3;;;42.17443322
Ponsse BK;9/10/2019;Bloque1;1;12:47:25;13:28:19;;47;45;8 pie;0.160545999;7.224569973;78.5143334;24.96875;362.4135831;299.0296043;47.60875;33.3570208;276.8297084;1331.638292;;7.957040841;6.932126219;231.6746338;125.7389264;15;5.973816761;88.91140432;634.8876542;;1122.72175;;;;0.457439712;23.1655367;249.6061257;818.8;409.4;;;40.27040242
Ponsse BK;9/10/2019;Bloque1;2;13:28:21;14:00:04;;58;113;12 pie;0.180782228;20.42839182;23.1338959;57.6412501;325.3119583;632.9675624;11.7122709;132.9746876;482.6304792;238.3289373;;2.894802212;6.659539991;157.5654944;182.0682217;5.537175282;82.35123385;117.973905;46.40389205;;1666.372104;;;;0.87487331;44.1331263;206.28687;378.5;189.25;;;40.17271204
Ponsse BK;9/10/2019;Bloque1;3;14:00:06;15:09:24;;47;83;12 pie;0.180782228;15.00492496;96.9239792;269.2116666;119.61225;500.741;285.2535209;17.102875;0;2632.769042;;18.43803449;329.5162617;100.1373976;136.4394236;189.3386511;13.42048611;158.575727;498.1622678;;1288.845292;;;;0.328651719;41.91172534;375.4941143;809;404.5;;;41.74875218
Ponsse BK;9/10/2019;Bloque1;4;15:09:27;15:33:06;;45;78;12 pie;0.180782228;14.10101382;60.3214584;115.4154375;234.5280209;486.7423333;210.1690625;32.2124999;241.1681041;0;;21.35020672;136.577378;235.7233994;143.5834182;153.5093082;35.01361184;159.4112282;0;;1380.556917;;;;1;36.77041428;408.9486517;677;338.5;;;36.74626849
Ponsse BK;9/10/2019;Bloque1;5;15:33:07;15:56:03;;62;44;16 pie;0.384350678;16.91142982;73.2382084;223.1117917;229.4302707;361.0044167;40.0618333;14.3372083;465.4726042;249.928375;;36.10428817;246.4725987;237.8610076;210.006222;15.95493187;4.231837793;97.29991099;121.6276234;;1406.656333;;;;0.849130338;43.28075444;389.2428359;733;366.5;;;35.86886707
Ponsse BK;9/10/2019;Bloque1;6;15:56:03;16:45:43;;76;42;16 pie;0.384350678;16.14272846;76.3482083;40.8251875;597.1848128;426.0568955;67.6278125;35.5562708;186.1351042;1550.323708;;12.55499019;22.58105834;389.1391549;85.53712152;29.12046454;15.2121765;113.3952225;709.6719495;;1429.734292;;;;0.47976727;40.64658923;428.8734997;812;406;;;38.060656
JD 1510;20/7/2016;indufor;1;07:38:55;08:46:40;;45;144;10 pie;0.1448;20.8512;71;29;429;825;62;40;641;1970;;64.82935851;15.26724064;145;;47.31527039;38.65157508;;;;2097;0.143801379;;;0.515613474;35.7960515;228.0317223;;;94;2.425869386;
JD 1510;20/7/2016;indufor;2;08:46:41;09:22:38;;33;117;10 pie;0.1448;16.9416;59;23;513;529;43;56;793;142;;63.34622611;5.115861696;162;;25.85250767;95.10202238;;;;2016;0.104577778;;;0.934198332;30.25285714;256.7083089;;;94;2.730939457;
JD 1510;20/7/2016;indufor;3;09:22:38;09:51:52;;31;121;10 pie;0.1448;17.5208;136;46;205;616;87;38;561;65;;151.2943569;20.97709804;78;;93.8623986;69.27195119;;;;1689;0.224625641;;;0.962941847;37.34451155;245.7029024;;;94;2.613860663;
JD 1510;20/7/2016;indufor;4;09:51:53;10:29:01;;38;154;8 pie;0.1204;18.5416;58;28;368;587;18;51;876;243;;97.10342921;43.50230041;160;;10.0129519;19.09323365;;;;1986;0.115885;;;0.890982503;33.61015106;244.8559576;;;168;1.457475938;
JD 1510;20/7/2016;indufor;5;10:29:02;11:09:54;;30;132;10 pie;0.1448;19.1136;17;265;184;646;94;168;549;530;;11.26351344;254.3682299;92;;42.64451098;208.2724834;;;;1923;0.207756522;;;0.783938035;35.78209048;350.2743689;;;94;3.726323073;
JD 1510;20/7/2016;indufor;6;11:09:56;12:04:52;;56;388;pulpable ;0.045;17.46;357;;672;942;166;27;602;532;;630.1345353;;292;;156.3620523;31.60583457;;;;2766;0.059794521;;;0.838690115;22.72451193;1016.118479;;;94;;
JD 1510;20/7/2016;indufor;7;12:04:53;14:45:57;;29;141;8 pie;0.1204;16.9764;45;47;250;477;87;136;564;8059;;69.01052357;30.20452266;110;;63.96670453;184.5115586;;;;1606;0.154330909;;;0.16616658;38.05419676;283.8466547;;;94;3.019645262;
JD 1510;20/7/2016;indufor;8;14:45:59;15:14:53;;23;88;8 pie;0.1204;10.5952;123;;230;392;24;96;435;436;;151.6368034;;121;;17.85388725;119.6380566;;;;1300;0.087563636;;;0.748847926;29.34055385;341.3827754;;;94;3.631731653;
JD 1510;20/7/2016;indufor;9;15:14:53;15:39:45;;20;107;8 pie;0.1204;12.8828;108;62;227;348;156;63;396;132;;132.8142545;30.73524568;71;;101.541691;78.75331865;;;;1360;0.181447887;;;0.91152815;34.10152941;242.9222549;;;94;2.584279308;
JD 1510;20/7/2016;indufor;10;15:39:47;16:47:19;;50;174;10 pie;0.1448;25.1952;126;84;385;856;50;118;940;1495;;184.4620186;59.76470865;172;;48.68005485;194.7148904;;;;2559;0.146483721;;;0.631228416;35.44459555;415.8108362;;;94;4.423519534;
JD 1510;20/7/2016;indufor;11;16:47:20;17:35:42;;37;161;10 pie;0.1448;23.3128;100;205;331;630;264;227;625;521;;130.9567147;125.3577211;136;;153.723269;212.4846219;;;;2382;0.171417647;;;0.820530486;35.23345088;447.2611633;;;94;4.758097482;
JD 1510;20/7/2016;indufor;12;17:35:43;18:19:24;;49;349;pulpable ;0.045;15.705;48;;423;900;;216;528;507;;79.80654441;;272;;412.0976831;;;;;2115;0.057738971;;;0.806636156;26.73191489;763.9042275;;;94;8.126640718;
JD 1510;21/7/2016;indufor;1;08:44:59;08:51:35;;8;41;pulpable ;0.0450;1.845;;23;99;140;24;;110;;;;9.3702;40;;18.3204;;;;;396;0.046125;;;1;16.77272727;67.69051605;;;;;
JD 1510;21/7/2016;indufor;2;08:51:35;09:53:14;;50;352;pulpable ;0.0450;15.84;;61;673;1001;246;263;883;390;;;58.4614;300;;178.6576;371.2638;;;;3127;0.0528;;;0.889110037;18.23600895;633.422101;;;271;2.337350926;
JD 1510;21/7/2016;indufor;3;09:53:14;10:37:58;;51;340;pulpable ;0.0450;15.3;105;;619;1008;38;124;679;111;;154.8938;;355;;11.7760;172.8499;;;;2573;0.043098592;;;0.958643815;21.40691799;602.2067355;;;271;2.222165076;
JD 1510;21/7/2016;indufor;4;10:37:59;12:23:30;;48;316;pulpable ;0.0450;14.22;21;;504;824;;34;641;4308;;19.1409;;212;;;22.1392;;;;2024;0.067075472;;;0.319646241;25.29249012;253.2801552;;;;;
JD 1510;21/7/2016;indufor;5;12:23:31;12:42:58;;22;152;pulpable ;0.0450;6.84;;105;224;403;21;41;374;;;;64.8658;106;;14.3189;66.5473;;;;1168;0.064528302;;;1;21.08219178;211.2989292;;;296.5;0.712643943;
JD 1510;1/12/2016;indufor;1;05:44:52;06:26:03;;47;233;8 pie;0.0917;21.3661;31;261;322;960;61;27;810;;;25.5451;278.1630;226;;53.36117266;31.35301781;;;;2472;0.094540265;;;1;31.11567961;420.2111605;;;296.5;1.417238315;
JD 1510;1/12/2016;indufor;2;06:26:03;07:17:31;;50;256;8 pie;0.0917;23.4752;35;389;151;916;277;14;727;579;;29.2866;400.5912;124;;286.5740991;17.54422805;;;;2509;0.189316129;;;0.8125;33.6830291;490.9980613;;;296.5;1.655979971;
JD 1510;1/12/2016;indufor;3;07:17:31;08:05:03;;44;223;8 pie;0.0917;20.4491;32;336;153;851;185;11;591;693;;25.0595;295.1839;136;;163.862596;12.97688018;;;;2159;0.150361029;;;0.757012623;34.09761927;384.5414341;;;296.5;1.296935697;
JD 1510;1/12/2016;indufor;4;08:05:04;08:59:27;;49;251;8 pie;0.0917;23.0167;17;627;287;939;597;21;766;10;;11.3719;604.5460;115;;507.340778;20.27929382;;;;3254;0.200145217;;;0.996936275;25.46408113;686.7689981;;;296.5;2.316252945;
JD 1510;1/12/2016;indufor;5;08:59:28;09:58:07;;50;267;8 pie;0.0917;24.4839;38;486;270;943;339;18;615;811;;30.4779;461.8081;128;;332.5161865;18.52255361;;;;2709;0.191280469;;;0.769602273;32.53674419;549.6623799;;;296.5;1.85383602;
JD 1510;1/12/2016;indufor;6;09:58:10;10:35:27;;36;191;8 pie;0.0917;17.5147;21;138;175;640;49;15;644;558;;18.4202;139.0901;93;;49.38245094;24.75619695;;;;1682;0.188330108;;;0.750892857;37.48687277;208.8244333;;;296.5;0.704298257;
JD 1510;1/12/2016;indufor;7;10:35:27;14:02:17;;51;246;8 pie;0.0917;22.5582;22;320;341;864;217;22;724;9900;;24.0084;372.4634;145;;237.5325658;30.32565682;;;;2510;0.155573793;;;0.202256245;32.35439044;477.1649927;;;296.5;1.609325439;
JD 1510;1/12/2016;indufor;11;17:26:03;18:01:06;;45;226;8 pie;0.0917;20.7242;24;280;219;713;222;21;495;129;;28.4886;291.9797;129;;206.0027423;31.06081003;;;;1974;0.160652713;;;0.938659058;37.79489362;407.76593;;;296.5;1.375264519;
JD 1510;1/12/2016;indufor;12;18:01:06;18:28:28;;35;202;8 pie;0.0917;18.5234;19;179;185;644;109;24;482;;;14.3989;217.9043;99;;115.1334078;39.44906489;;;;1642;0.187105051;;;1;40.61159562;292.4428438;;;296.5;0.986316505;
JD 1510;2/12/2016;indufor;1;06:35:42;07:28:49;;53;259;8 pie;0.0917;23.7503;14;589;293;1010;488;11;650;132;;14.43256896;641.0673036;142;;531.7177454;14.28385343;;;;3055;0.167255634;;;0.958581738;27.98726023;742.7507357;;;351;2.116098962;
JD 1510;2/12/2016;indufor;2;07:28:49;08:37:42;;51;257;8 pie;0.0917;23.5669;17;591;282;1015;430;38;861;899;;17.42928308;538.3056937;154;;355.335064;43.48691602;;;;3234;0.153031818;;;0.782482458;26.23402597;631.2784784;;;351;1.798514183;
JD 1510;2/12/2016;indufor;3;08:37:43;09:24:34;;50;256;8 pie;0.0917;23.4752;29;352;115;931;254;24;740;367;;24.69969799;367.3073836;127;;230.6651551;36.63555157;;;;2445;0.184844094;;;0.869487909;34.56471166;456.6538941;;;351;1.301008245;
JD 1510;2/12/2016;indufor;4;09:24:34;10:51:28;;42;236;8 pie;0.0917;21.6412;24;676;77;794;538;;792;2313;;28.82077393;706.5045571;111;;570.3593789;;;;;2901;0.194965766;;;0.556386651;26.85567735;1049.022044;;;351;2.988666793;
JD 1510;2/12/2016;indufor;5;10:51:29;11:51:01;;48;256;8 pie;0.0917;23.4752;28;524;162;917;556;23;608;755;;27.58961474;670.2513423;131;;560.3533119;38.54404539;;;;2818;0.1792;;;0.788692975;29.98960965;779.3691572;;;351;2.220424949;
JD 1510;2/12/2016;indufor;6;11:51:02;13:49:25;;41;231;8 pie;0.0917;21.1827;23;438;152;718;378;20;684;4691;;28.15804546;474.5380589;89;;381.8080673;24.6758908;;;;2413;0.238007865;;;0.339667793;31.6028678;543.5900312;;;351;1.548689548;
JD 1510;2/12/2016;indufor;7;13:49:27;14:41:47;;47;249;8 pie;0.0917;22.8333;25;318;84;860;259;29;830;737;;20.94085488;382.6647378;109;;259.946035;46.40115117;;;;2405;0.209479817;;;0.765436028;34.17874428;463.9763894;;;351;1.321870055;
JD 1510;2/12/2016;indufor;8;14:41:48;15:29:03;;46;252;8 pie;0.0917;23.1084;22;226;96;927;161;19;684;701;;17.60258845;230.5740977;103;;153.2074447;28.67624936;;;;2135;0.224353398;;;0.752820874;38.96498361;318.0301901;;;351;0.906068918;
JD 1510;2/12/2016;indufor;9;15:29:04;16:14:21;;41;225;8 pie;0.0917;20.6325;26;244;42;740;160;17;755;734;;29.41035358;274.5804847;88;;173.5563266;26.42615307;;;;1984;0.234460227;;;0.729948492;37.43800403;339.986659;;;351;0.96862296;
JD 1510;2/12/2016;indufor;10;16:14:21;17:03:14;;40;232;8 pie;0.0917;21.2744;10;297;151;775;208;61;706;725;;9.48142786;310.2130655;110;;214.7442808;58.92948732;;;;2208;0.193403636;;;0.75281282;34.68652174;406.6841307;;;351;1.158644247;
JD 1510;2/12/2016;indufor;11;17:03:14;18:02:03;;46;250;8 pie;0.0917;22.925;36;701;224;893;639;21;612;403;;22.18610889;760.7478228;111;;649.7997662;38.25933995;;;;3126;0.206531532;;;0.885803344;26.40115163;846.4965189;;;351;2.411670994;
JD 1510;17/7/2019;interamericana;1;;;;39;160;12 pie;0.14;22.4;108;231;195;693;51;156;645;;;205.5529239;235.9670927;59.72931406;;66.26572414;218.9460994;;;;2079;0.375025234;;;1;38.78787879;423.0952342;;;237;1.785211959;
JD 1510;17/7/2019;interamericana;2;;;;29;134;12 pie;0.14;18.76;153;33;303;528;69;207;495;249;;243.469422;52.9961162;102.9680044;;66.08054395;270.7492974;;;;1788;0.182192518;;;0.877761414;37.77181208;419.6156941;;;237;1.770530355;
JD 1510;17/7/2019;interamericana;3;;;;36;133;12 pie;0.14;18.62;144;138;267;552;168;243;564;588;;266.1684743;109.3299715;57.40954285;;236.1740263;272.3706526;;;;2076;0.324336322;;;0.779279279;32.28901734;499.4311052;;;237;2.107304241;
JD 1510;17/7/2019;interamericana;4;;;;41;161;12 pie;0.14;22.54;144;;246;675;78;159;618;132;;274.3662432;;51.65465515;;98.22696321;278.8180413;;;;1920;0.43635951;;;0.935672515;42.2625;514.5434006;;;237;2.171069201;
JD 1510;17/7/2019;interamericana;5;;;;40;148;12 pie;0.14;20.72;312;84;273;597;159;138;477;744;;293.2988672;123.1459309;39.59521065;;223.4015065;277.2840645;;;;2040;0.523295612;;;0.732758621;36.56470588;498.1603951;;;237;2.101942596;
JD 1510;17/7/2019;interamericana;6;;;;34;136;12 pie;0.14;19.04;12;;279;594;102;204;627;585;;5.608800765;;72.6091184;;102.7324372;318.1486416;;;;1818;0.262226018;;;0.756554307;37.7029703;288.6584586;;;237;1.21796818;
